1,26,3,1,1,vaio society Noida-90,Flat No-1001,1
1,26,3,1,1,vaio society Noida-91,Flat No-1002,1
1,26,3,1,1,vaio society Noida-92,Flat No-1003,1
1,26,3,1,1,vaio society Noida-93,Flat No-1004,1
1,26,3,1,1,vaio society Noida-94,Flat No-1005,1
1,26,3,1,1,vaio society Noida-95,Flat No-1006,1
1,26,3,1,1,vaio society Noida-96,Flat No-1007,1
1,26,3,1,1,vaio society Noida-97,Flat No-1008,1
1,26,3,1,1,vaio society Noida-98,Flat No-1009,1
1,26,3,1,1,vaio society Noida-99,Flat No-1010,1
1,26,3,1,1,vaio society Noida-100,Flat No-1011,1
1,26,3,1,1,vaio society Noida-101,Flat No-1012,1
1,26,3,1,1,vaio society Noida-102,Flat No-1013,1
1,26,3,1,1,vaio society Noida-103,Flat No-1014,1
1,26,3,1,1,vaio society Noida-104,Flat No-1015,1
